Group,TN,FP,FN,TP,Recall_in_group,Precision_in_group
Gender=Male,390,400,190,153,0.446064139941691,0.2766726943942134
Gender=Female,333,276,140,118,0.4573643410852713,0.29949238578680204
Age<=30,159,159,69,33,0.3235294117647059,0.171875
Age 31-45,179,199,67,75,0.528169014084507,0.2737226277372263
Age 46-60,203,131,189,49,0.20588235294117646,0.2722222222222222
Age 60+,182,272,85,114,0.5728643216080402,0.29533678756476683
